path,size_bytes,sha256
.gitignore,274,7e4e5a3dce01d89f3b367e64184d970726c767c28134beab4e81d78bc86c1f25
CITATION.cff,403,b6d948daf9c93d17a40f7de28d8f04c0dd52f6a60500a0c568dbf904e8005749
Dockerfile,593,a6d87e92875723135da4fb650f70d29042dcb43297a5b693757e8998ee756dfe
GITHUB_REPO_AUDIT.md,1870,85b7ef7b3e88a7c351d2e04b71806ebd9e3ff16d55cf59e6c65cc9679af3fe7b
LICENSE_TODO.md,541,aeb7cb09c9ed44aba5370f2e19c06d5760de6860f220b0a3e19d1e240ee55fd4
README.md,4100,bc6501740e137a54403d2aad00363ce98c96bc3e9c064bd9d725aaa2a62149a2
REPOSITORY_AUDIT.json,1391,55cbf434fb158a944bd7fb22392312329a8d25612bab70d792e08d18ac297849
REPOSITORY_FILE_MANIFEST.csv,0,e3b0c44298fc1c149afbf4c8996fb92427ae41e4649b934ca495991b7852b855
REPRODUCIBILITY_NOTES.md,570,61393db3a34c2d084b5791a82f739ddce368158d05592e4cd4a5689cc29d3b3d
code/01_hesaplamalar.py,6093,30bca33358a3db7938588e6b40c16cab52276cc5550b8e268c2898fb591e96a4
code/02_figure_mass_density.py,10701,8adc964223611b2c04bb0bac3e6f969197761719bd50e61a563758d1e8019299
code/03_results_to_csv.py,6255,00d4bf2c86039ed1175a1100f2425e62766e6bb9b5c7a050dfea8c3d24ef5b4d
code/04_figure_phase_diagram.py,8081,c249768c06e953d337c5f5f7523694772ccce9e88340ce3e56562305ef906da3
code/05_figure_desitter_core.py,7995,895fd5dd3a697bcd85f7257ba32679b600daa86a4779a73efa024fb99432161f
code/06_figure_gaussian_profile.py,12808,2fd7d5311368ff4f82c4992950ad68022ccbf35144329c105bffa8321e116584
code/07_einstein_gp_solver.py,14388,a3da4a3843783b0bf85b1938854b88669f1e367578755ab6a9921d8199046d88
code/08_stability_analysis.py,12580,7b96e83a03497041ec2220729fdba3f5ff1413e965de187a937922b2de16471c
code/09_qnm_spectrum.py,13160,f798e3906f646471d3364bf287277881b2bc453e2581935fb552bcef5b7004d5
code/10_timescales.py,8280,f9d65f3b13d0778d9e150ee04e8ca7128d1780f2c82b51384c04293a96015edc
code/11_kerr_extension.py,8522,ca40cdd3282782ac097be7c56a0d21992a19a05182aebdc29c256b93298d59d4
code/12_time_domain_echo.py,9209,91aabfe61f0a5c1b09fc6add02af9b998e37a82fac1f2e5887cb5cf8066028ca
code/13_entropy_analysis.py,7431,a8e27c7bf8a742a46ad2cf310a290fe7450d22ed35dcad41f092a4909f8f4ee3
code/14_qcd_phase_transition.py,8586,d07d3bc98106d39f388724eba9ca4226f1880c76d5b1ad10d9976f05f09e212d
code/15_energy_conditions.py,12153,dc3fc9678178b2ff1ba90b349cb81515bd7124edf4ed5fced012a3b8d7a34de5
code/16_junction_matching.py,6740,b4675f3550cefff85dcfd24baecaf1676cbb3abc1801ad1d248a1c2416d342f6
code/17_causal_tapered_core.py,13113,bbd1eb07e99af155bf42ffc6eb49184978ad83f4d2dea3667dd21108fb836df0
code/18_smooth_transition_matching.py,5765,ca26cb30c88eccdeb74eba1048cdc7dd3f282d38e3d440e314d12bbb523b5db2
code/19_curvature_regular_core.py,10933,72521e30d2e971db638b36742e2f909a6b60ffdc677bfe16c619ec9975fc6605
code/20_compactness_branch_map.py,4323,bbf1e40f43ad64fcd3c3a217cc2387dd306c2fc4d1b4c2ef8ed36e3cd58e0935
code/21_bey_master_summary.py,17508,27214e1a28985443e6b172fa65ab828c5a8b484a463f5d9166cc97066cf95f32
code/22_einstein_qcd_tov_solver.py,12254,002afa0acd62b86943b0a5286f2035ceeadcaa2820f2d963014e8891690779b9
code/23_anisotropic_cfl_core_solver.py,12323,6683dfd976579cb07d6d9ceb0d7c802b6b85c9555b522c77e4f06e55d61b0c93
code/24_einstein_cfl_master_summary.py,4047,5a7719cf44e18a2158876b9d453a351f45b1a51b2c38f0839ba05771078a80f6
code/25_relativistic_gl_order_parameter.py,9537,2f42ee49074779049d5817508767f05f703efd5a1ddb8e1bb0de567b092f1c2e
code/26_gl_free_energy_diagnostic.py,6115,ce83e39f0d9e8c80864d377e577d2c189d3e27e72931d7da269835b10bdba1b7
code/run_all_bey.py,1769,2a0c84c543191032ba4e595d8b2b145b46536a573069f279251e0760265b2381
code/run_all_bey_patch_v1.py,684,0f598ab63a4c113d7ac0f756b6dd22754880e1b66e8155e4ff5887f8b1985651
code/run_all_bey_patch_v2.py,686,f3daa4ea3c07f81365526f7fb8888a999fde575d9c826006cfda5a2695fc26b1
code/run_all_bey_patch_v3.py,684,ee6da14d41d71bd82c20cbff4340f5fe1b87468ba764aa2c9fbf2a176ce93ce4
code/run_all_bey_patch_v4.py,528,bfaa870b2bf83a4fcef9a64407a73f27564bc717ac6eb21714156af2e8201b05
code/run_all_bey_patch_v6.py,806,bf90754e67db61a30bbcfcadb9c748402df1307d5f5ac006a58cd6a9e579703e
code/run_all_bey_patch_v7.py,641,2023cdb750bb43694b8ddcede2a7c167dab659cbc2d82d874049af3e7028fca5
code/utils/constants.py,6171,2cd77da11f83f91165a404951fcd24a96b953631743453f61a12961c06ce91a0
code/utils/plotting.py,3579,214716c3396f198ff051e79bec2fd0246c3d775a9cd61e7b21fde9ec0344f371
docker/requirements.txt,118,c973260efd0cee9a4b96ce092b02fa3af8051033a36df66cc89adf69e8b595a8
docker-compose.yml,1319,4eda59f98f161aa56116f9ed24681ed835d29644347dbad3295dd44f4298ac50
fig13_energy_conditions/fig13a_density_mass_profile.pdf,21580,fb25ddf85fb56581d29c39638ed925900b819c9816ad3905f8ef62511eea75a1
fig13_energy_conditions/fig13a_density_mass_profile.png,73350,1d00b4c896175acadf66f10c9adf73140b112d4ef2d75fca437026cb54dcdfa6
fig13_energy_conditions/fig13b_metric_function.pdf,16546,3a4910e56c26cb80557327c15c6d47404604ced4844dedabf3705bc11d0feccb
fig13_energy_conditions/fig13b_metric_function.png,43040,b51eb3e2545c08502c68933de6b75dd700d0edb85a532a90e42020a830d21373
fig13_energy_conditions/fig13c_nec.pdf,19911,b396e1e4b7b7658da9cde3b42a7129a00f6cb8de49aa5b587c8cef26ae6191d6
fig13_energy_conditions/fig13c_nec.png,64752,bbc0b2049e86172095eeee340cacccec30f9d9f5e33edbcd889f7571b23278fd
fig13_energy_conditions/fig13d_sec.pdf,19129,af2dd48f3b3550960c032f43236236dec23112724eae880a9cd64e14baf760f8
fig13_energy_conditions/fig13d_sec.png,58386,7370beedc73e67b74d4252e82e1ec066bcea306708ad1e46a9420e3a869fcad5
fig13_energy_conditions/fig13e_dec.pdf,21204,96d47a8e131ad70be8ba38615c4716309c2b3683a3f52797641a59d06b7699e7
fig13_energy_conditions/fig13e_dec.png,69179,60066a0debfa12ee62f4976b657a6a0dbbb9165c86fa4c85a51e42da8c539c49
fig13_energy_conditions/fig13f_anisotropy.pdf,16670,d6aa317e809d251cd99f3e49ffa873afb61f49bad8cc859b742327da65a626df
fig13_energy_conditions/fig13f_anisotropy.png,55861,eb88cafefe8bdc7679b9b52cbf4ce9b34886768a481089b6fac5aaca3687d97a
fig13_energy_conditions/fig13g_causality.pdf,16757,a14dfb0a980e1c169a2984fa101afec8fdeecb6c4b72af52e36c48a13302a166
fig13_energy_conditions/fig13g_causality.png,38732,af2a2c3293ec143d2974a22c6d212e661d40bb80b950cec83644094caa6930e4
fig13_energy_conditions/fig13h_strict_acceptance.pdf,13910,4d0583d183488fb4655e19b65ae4733d64e6db7e4a9a00fde684e873d34cf47b
fig13_energy_conditions/fig13h_strict_acceptance.png,90628,71c6ab4cbfe8fe639ffeba3c58cae9650901bc195b32dee6dc3d60d47fd34030
fig13_energy_conditions/fig13i_regularizing_acceptance.pdf,14605,971643c4ace3705d1133019953f5bd491ff2ef25b22d9ea77f9b3bff8bd122c0
fig13_energy_conditions/fig13i_regularizing_acceptance.png,94515,dbbf8abd7a7c8094bbbbf5eb55563c3a4fd0de8e6d87dc15f0be66461f18108d
fig14_junction_matching/fig14a_metric_matching.pdf,18523,dd1c66757710c279f05026fcd6d4d520ce0990014bafadcfe40c28ce545d0b31
fig14_junction_matching/fig14a_metric_matching.png,45179,dcbeb2542cc675a484a78cc304b4cace38dec901ef63943bfd8222c9d0ae57e9
fig14_junction_matching/fig14b_piecewise_metric.pdf,18800,909b68e3455519b2a50de072325cbd904f23baf8260a87d01b3b77331bb989b6
fig14_junction_matching/fig14b_piecewise_metric.png,56918,0b35acf921bd61124fe9b06142ec4be005cf164daffc4b5d425e23d9dc5a70bb
fig14_junction_matching/fig14c_boundary_pressure.pdf,21797,23d2cb5bf9faba60251d22ca6f920e73859fda384ef7dd87514da3e17467716f
fig14_junction_matching/fig14c_boundary_pressure.png,77412,84e8542a750888bbe9758aa2a906a9181c30982fc1361065212853c6955f774e
fig14_junction_matching/fig14d_echo_delay_scaling.pdf,19489,32012bdf994ae9e98cdffd367e9007e548fa6e9f9e69c0583aa07e0e6d9ec656
fig14_junction_matching/fig14d_echo_delay_scaling.png,71524,ba80fb8a51c854a137dde6ae94dc0f08a112aba9b7f04c5125cf2de76ebda85c
fig15_causal_tapered_core/fig15a_tapered_density.pdf,20946,1bb3bbc8de19e15a180071036338045df9d58f7fdaf88e2cd4d8875610516188
fig15_causal_tapered_core/fig15a_tapered_density.png,92232,12d8b670466f54b8e9f271fc07c1a3bb9a05638864c0bbb141bb2b3f06869496
fig15_causal_tapered_core/fig15b_tapered_mass.pdf,18723,601557de2e90c602fca5aa07b6ea2eedc4fb9620efa8d7ffcc425747a90a1b92
fig15_causal_tapered_core/fig15b_tapered_mass.png,57664,474a8d76a1578775b211b0ffabd4c7646e451281af0db9b17962cd1d77f08759
fig15_causal_tapered_core/fig15c_tapered_metric.pdf,16584,c25e04c57d19b508d23283e49df24cfd3e71671471e325a93417ac7cbf8e7087
fig15_causal_tapered_core/fig15c_tapered_metric.png,48440,c001dd9f4806c98648734084d4486b8759b66c08df9b86acdbb22ac70936712c
fig15_causal_tapered_core/fig15d_tapered_nec_dec.pdf,18307,52e88aeee2dcd2589ce7a8d4da346486be4b0ced5f03f5961e175a30ed819215
fig15_causal_tapered_core/fig15d_tapered_nec_dec.png,75565,06cdcdcc68ec153fde1885781670b4eccf7adb98ece1c10f16b8a961e2728d8f
fig15_causal_tapered_core/fig15e_tapered_sec.pdf,16341,66c0be81ea006e4a887ebb2cb3a6c42850a4e25caad19f8fbe85cf0655bef086
fig15_causal_tapered_core/fig15e_tapered_sec.png,58813,c1d9f616f099a6c8428764b7004c7a934b70e76b1aa31243ba22eb1bfe920d38
fig15_causal_tapered_core/fig15f_tapered_causality.pdf,15736,8c518072ccd0ad5eb41283039d092ed2bb3694cea29420c61d20169c77f74868
fig15_causal_tapered_core/fig15f_tapered_causality.png,45423,60a765bb87802f29fc5664821331ef2c5bb06b5e337855fc639f7ed79363ce60
fig15_causal_tapered_core/fig15g_tapered_pressure_anisotropy.pdf,18132,0a9f502ac69fe0dad32cdc523c51267bdd6a24e4659fb58fe81261a6959f73d6
fig15_causal_tapered_core/fig15g_tapered_pressure_anisotropy.png,65622,fb17c3e825284eaa797c2404215573aeab699d2f98797ba168e04dc99e02b9c0
fig15_causal_tapered_core/fig15h_tapered_strict_acceptance.pdf,15421,2d0ffd847a077ba791ae6cecb9b12a326a2167e05467281ccca7028e197bc808
fig15_causal_tapered_core/fig15h_tapered_strict_acceptance.png,147509,7e53e5eb13f8913f51a83a7b55f5fa0a12e2209a6189e621362b976e1162323b
fig15_causal_tapered_core/fig15i_tapered_regularizing_acceptance.pdf,15639,6173681cc4c519fcd57ef00a20ef8afe742ab510f34a11738b40a137f080eb78
fig15_causal_tapered_core/fig15i_tapered_regularizing_acceptance.png,148686,25cf5cd5270d5a7f7b70fe2c4e5b59989739577fce29db35d2c7a9843df8ebc4
fig16_smooth_transition_matching/fig16a_density_boundary_comparison.pdf,18927,4d5ebae2ba11d508336ec8af65b739bfa48a24981b31243c3c033fab1963cea5
fig16_smooth_transition_matching/fig16a_density_boundary_comparison.png,69880,34dac7b998188d882780d7166074f5bbaed6943b4bf0ca3a25d580b5c97f4cd0
fig16_smooth_transition_matching/fig16b_pressure_boundary_comparison.pdf,18897,092adf9e715aecd47e5b2b304261955dbb105ee508b587fdf1168ab4de7d5aa0
fig16_smooth_transition_matching/fig16b_pressure_boundary_comparison.png,73018,c1c77de5c19f5f013ad8db5fee867db9a3e151d32fc86a1149ef78cebce7f2db
fig16_smooth_transition_matching/fig16c_metric_comparison.pdf,17744,4f3e74dd56bd0cee6036f4ce561dbbb9552cb723698e0382351e9ee20b9819e8
fig16_smooth_transition_matching/fig16c_metric_comparison.png,61300,b1347cfee1cdae1d1fb35b4d68de0af88307b8783ba457cde07d68d4627bcb96
fig17_curvature_regular_core/fig17a_profile_metric.pdf,20531,da1f4491f68ab722f8006bd720ab85cafa41494d1348e28f7574abf2b4b7a999
fig17_curvature_regular_core/fig17a_profile_metric.png,73458,42fdbeddc889f728d1a535d54b6e8b670ec44de193d5ae33d5f3ff806bc5a965
fig17_curvature_regular_core/fig17b_ricci_proxy.pdf,16584,b183566ad6ee1c1e7cfaa8fc5b7fc3d48e021901b4c8439f6c0cc2efdc1f74c2
fig17_curvature_regular_core/fig17b_ricci_proxy.png,60926,f72aa81a0c500ee38f7455a02b37b02b333b148cc7e60dcba3b4d87ed27c75d5
fig17_curvature_regular_core/fig17c_kretschmann_proxy.pdf,17503,e2c891932dd7954795c87735bbd2ad5815b4731436b23e022cf39517c01ece99
fig17_curvature_regular_core/fig17c_kretschmann_proxy.png,62928,5690ed30967ae1d291ad8d4966e7ccede3c240c43fa0987f187aaa3539eedf8b
fig17_curvature_regular_core/fig17d_curvature_log.pdf,18251,79a69dc0f132fc9c4770b53ca1a32a748aa23d461e2e36675f9d7e8932b65a80
fig17_curvature_regular_core/fig17d_curvature_log.png,79589,2b83bf6bfcd4fbe7105d3867c87c3c068a10fdd2e5e94d3745c7d21c03feb9c8
fig17_curvature_regular_core/fig17e_compactness_scan.pdf,19401,8a7491664c1568ff86b8144da3566219b4e8674599f05c6c930eca634bb41909
fig17_curvature_regular_core/fig17e_compactness_scan.png,108193,c46eca0ae48dab714bb9be77b12fe42539146d1227177ec701e3cd4ff82e1d87
fig17_curvature_regular_core/fig17f_curvature_vs_compactness.pdf,17595,4d2793022411fcc92da8d4aa9ee98377c3b7d3854f07618ce56f53562589d9ea
fig17_curvature_regular_core/fig17f_curvature_vs_compactness.png,101312,2650e266b599fff9a6b1658968915886f28775dae0d8e4b5a33cef47eb4aae4f
fig18_compactness_branch_map/fig18a_compactness_branch_map.pdf,23069,c67f4268b23e9cf3089e01e168ceed4226b3e8a65898f349fb944d9ffbe7e0ad
fig18_compactness_branch_map/fig18a_compactness_branch_map.png,128817,050a76cec4d3f62199351571ef4c4e0b9250c0e5f66abab0bbe07b2f6d1d2d26
fig18_compactness_branch_map/fig18b_branch_counts.pdf,12508,f6fed6ed615df74922d53e99e1c343ad91d60c9ebda695b0420d888706d7df11
fig18_compactness_branch_map/fig18b_branch_counts.png,80382,da98b80a93a25485710e1ca926721e2169b393d9fe19073ff897777581f47def
fig19_einstein_qcd_tov/fig19a_qcd_eos_pressure_energy.pdf,18782,4f8501a201cb6f6207650a502bec414cec95845e0d034005d0bda5204305198a
fig19_einstein_qcd_tov/fig19a_qcd_eos_pressure_energy.png,58850,972d878837296d5e812a1e58d237667bf85a9af67a94dcca31c4c359df5f398d
fig19_einstein_qcd_tov/fig19b_mass_radius_curves.pdf,22162,d0bacf19e493d11c35f634b17024db1ac47c708727ffa8502f2165afa15fd9c6
fig19_einstein_qcd_tov/fig19b_mass_radius_curves.png,74056,8a4136c7ff09cf02074debbcdcb56095e9d6a540809be557fd7ac85d58e36cf0
fig19_einstein_qcd_tov/fig19c_compactness_curve.pdf,24300,178b8ebe3d64b16f0f3ce5c325f90bbd20afc83b697a9a3f98d13087af3f8a4a
fig19_einstein_qcd_tov/fig19c_compactness_curve.png,81625,9ce92611201fe4ca001ddf0879a77f42bba2336969e03afdf85cd3f9c330380e
fig19_einstein_qcd_tov/fig19d_representative_profiles.pdf,20979,6883da60ceddd14fc1c9d214d91c8bd9627e119961cd6a0d1085bc7262647f6e
fig19_einstein_qcd_tov/fig19d_representative_profiles.png,94684,5e8b1aad115286fcc8b8e432afd81edf121bb5b68f398519e06b90e24f28581b
fig19_einstein_qcd_tov/fig19e_metric_diagnostics.pdf,18115,48f6b943a79a4ff8401554460b4367c287b8548ad3914323621b70dfe3310211
fig19_einstein_qcd_tov/fig19e_metric_diagnostics.png,58542,98b51147a38ec00afee3f1332410812a75ebe7dc28153910a7eadde78a23c469
fig20_anisotropic_cfl_core/fig20a_anisotropic_mass_radius.pdf,24886,bcead7fb4d5257f263a2248884e9dafa5c9d8299ab63f6851c7f3c357733ac57
fig20_anisotropic_cfl_core/fig20a_anisotropic_mass_radius.png,150339,0d910e12522381d5b0006c1336b034fcc1298cef8ec6f14af8bfef2d76cab73c
fig20_anisotropic_cfl_core/fig20b_anisotropic_compactness.pdf,25312,8a2438bea694c81196653cf94c1d891d8c060d06e15244c2885d83a1c1812187
fig20_anisotropic_cfl_core/fig20b_anisotropic_compactness.png,105165,5d29dfb308642e7cc95df894062bd6e8644650927cbd1ec840216337a27bef0b
fig20_anisotropic_cfl_core/fig20c_max_mass_vs_alpha.pdf,17331,154ddf508c7653a48a1ad80c6a7499337b17456fcc71461136f1a902cbd126ac
fig20_anisotropic_cfl_core/fig20c_max_mass_vs_alpha.png,69681,e1498c3c96ecd97cefc99c6c4c5ab351c87f457af68d429e19a4e0b21652ece8
fig20_anisotropic_cfl_core/fig20d_pressure_anisotropy_profile.pdf,18410,745f4a6b65e90b457b1919c4e92c1f57e59e428f8b8681ed151ba525deeb2529
fig20_anisotropic_cfl_core/fig20d_pressure_anisotropy_profile.png,80890,12dbf0b59d011f352f2f955d12707155bc9db1b83e3f9dcbb97ea4fa1bdf4db2
fig20_anisotropic_cfl_core/fig20e_anisotropic_core_profile.pdf,19118,4051cb80cc55cfe4860370f41da408fc56fb45716e2dfa4cc122804f20458435
fig20_anisotropic_cfl_core/fig20e_anisotropic_core_profile.png,86688,3c199031c6412783a55cb46b9a35b3c58d78e0602ff641cfb40d6599faa7d040
fig20_anisotropic_cfl_core/fig20f_anisotropic_energy_conditions.pdf,18810,148f39cd3c795bec9f32360240826aeac81f02194a55fea1ca56644151659c44
fig20_anisotropic_cfl_core/fig20f_anisotropic_energy_conditions.png,76414,bb0a41ac7535199c6382efa461c6032991494a41968b6b73155d8fdfacc07c60
fig21_relativistic_gl/fig21a_order_parameter_profile.pdf,21478,017db0243265ba555a9d63f7ec382cf0be8939f397f63e8c0963727f6f0fbe41
fig21_relativistic_gl/fig21a_order_parameter_profile.png,71185,72918156eaf6d1dade51747c6545e1e31f99c55122287bad217ac48ee95965e1
fig21_relativistic_gl/fig21b_metric_vs_condensate.pdf,20868,1677ccfc81403a08f2b0171448c356d6e28b2bd89171197f7d1c2ead9ca7d616
fig21_relativistic_gl/fig21b_metric_vs_condensate.png,82283,f37786bb6cac5b8337bb5a5db6eeb9323eb7288faba29bc1410f0ed8e43b4c04
fig21_relativistic_gl/fig21c_free_energy_density.pdf,18863,3e1a320b13996ec41b8b454dd2e05e28a33b577586be64cd3e739d2d04195e17
fig21_relativistic_gl/fig21c_free_energy_density.png,78035,0d59c68e28e3739180364b8461517b7be52c53b441d8b9956da1edb10605d1ef
fig21_relativistic_gl/fig21d_gl_residual.pdf,18624,5ac21a2fc4c34ac7fccf2a64e2ddf3c9812e5549ec3d9036b33992face0f7bec
fig21_relativistic_gl/fig21d_gl_residual.png,51754,b39185545986d6a840ae81a584c9a442662466700b86234c3948063e60b4a208
fig21_relativistic_gl/fig21e_cumulative_free_energy.pdf,18639,65ce42e0d9d96bac8f0c21f28816bfa036be3a70163be89bffbf3b7d9dd0b5e9
fig21_relativistic_gl/fig21e_cumulative_free_energy.png,67255,613c886958555e11d0edf6d41082ec0ed85665cf13e2562a30dae6b8bd8b7b02
fig21_relativistic_gl/fig21f_core_interface_tail.pdf,19967,38e4d23867d960415676dc12b3fabc10883ec827143b7bb1ad08da23b411b2da
fig21_relativistic_gl/fig21f_core_interface_tail.png,64488,041a3366491b43b0922899178ee4f7d7f501823ef97dfcdb94910a09c907502b
figures/fig01_mass_density.pdf,63200,f4947fbbead23a55e002c77572ffb0b6cab63ff2eaba69d25bbcdab3ee8096d0
figures/fig01_mass_density.png,290713,745bd4b224aeb138c119eb52a68542672fca416e0363f204b546ee90991309d7
figures/fig02_phase_diagram.pdf,88676,28cb39e8235d9ac047a0edf899918b24f08ce0b1849c56ebcb588381b9e75268
figures/fig02_phase_diagram.png,227421,7840aff385a9acc8726709eb40bd3f9cfcaaa1562767ac7bc79b9e6a48fa0f73
figures/fig03_desitter_core.pdf,32508,30e64fe220beb906d4cbc0b9b417076668c29d276958a76554287c36d71f77d0
figures/fig03_desitter_core.png,183961,c6750d92689408a8d19aca7d71a5b902fe046574cefd29563deb8d7e420b8030
figures/fig04_gaussian_profile.pdf,90271,fdf7e0ab8854c8d081f512ca30deb45f61beb6207bc962db433fe1f34deeef95
figures/fig04_gaussian_profile.png,391386,5c2e8f48fb8b0b9a1e72cfa0d662ab2974ed73b474acff4e111f14b7c2f4bd85
figures/fig05_einstein_gp.pdf,39500,5adf8a986ee86c5da32650c5c73215ffc5ea517c6a1c337352266bff608a3cdf
figures/fig05_einstein_gp.png,382427,c11e01115f64cf60310a862e65fbd027a5e3c224fdb6906c7a17108b4f7d8fe2
figures/fig06_stability.pdf,42773,171b52eb6c462323b5c1fe6ae3a5158b98c2d2ffabeb0be63b550e6faab09320
figures/fig06_stability.png,444694,3e09156d4dfcdfdc7158d1a9dcc358702e6f945f644a9d72b6a5f911023ecb35
figures/fig07_qnm_spectrum.pdf,54949,c82cf2b18488ca04840c41436ec196d4532767a40c9a11c2ecfdecd6b00d8808
figures/fig07_qnm_spectrum.png,402297,c2262c4635007614d146b7c8b1f1d38673ab4854b3642d12d902966d35cb4779
figures/fig08_timescales.pdf,31926,e1db13f3188e2e57fedd7dee3c240a0b8bf4b96aef980ae21f86dbef39423103
figures/fig08_timescales.png,200259,b5ce087713578b0cb24deea61a8ed57162477ffa648266ccb9bec8d2b7f222d1
figures/fig09_kerr_extension.pdf,39957,b3015cb3ffa26ac00548964d5fd24e0441d2c1c03232f4ad4b2243f85a11a8cf
figures/fig09_kerr_extension.png,220970,cfc7e42bd45bb51dd01b4adac4afd78f4f36a1866b0287919e48e37b5a38bfae
figures/fig10_time_domain_echo.pdf,43888,37e53aa1eda92f01f77e0ee80c168e5e2482083379c224befc842de4c313ea87
figures/fig10_time_domain_echo.png,338491,6f31c7fa4b4447d191f11b9a0c5cbc06bb04a8e26f2902170f591473695965b4
figures/fig11_entropy.pdf,36778,ea736e12234f11f8fba0c263bfcc59aaa3f0d4d82dba521437c91c325379c3bc
figures/fig11_entropy.png,180293,d678dd88dc48121cd7e2523f510958cfc75ad8df7cf89d855c8a66f9275d3a98
figures/fig12_qcd_phase.pdf,31463,28a76e5e110d2b3b0f608d273ab30b1036aa6e3f1c14ea181ccd5e7ac7fb622c
figures/fig12_qcd_phase.png,164581,e836e79f2e20c9fd4a9d594c78a4b78a0770114fdee318bc3d8e1d713ec6666b
requirements.txt,118,c973260efd0cee9a4b96ce092b02fa3af8051033a36df66cc89adf69e8b595a8
results/BEY_claim_safety_table.csv,1504,a020236f054814fec7e45028610f57c670c477a65d4434f97381d25f448a7b31
results/BEY_figures_for_paper.md,1192,1b5a84868b69001cb194c6009f0b79ba1a05c30b612033ab6e5104fdc2865648
results/BEY_final_readiness_checklist.md,830,aac4ab67fcbf7f24c7799017e96cfe3da6763a7732620537737a2b4c262b3f46
results/BEY_latex_results_snippet.tex,1473,fc3a75e7c5c59ee51c168e91cf8e5e4b81486c19a66065eab3898f5e52d00e5c
results/BEY_master_evidence_table.csv,1885,e021a2dc882cc0941aa0712f3a3761f504a14684502a8b05f25dbe4704f53748
results/BEY_results_section_draft.md,2878,4d2e56fc56a72d4994af699aa0ebd27433987b3de683ca87f0d73ad8d67b728d
results/anisotropic_cfl_max_mass_by_alpha.csv,903,8b4a7c86e75dbeec1cccca35b446331a123dc493fa5cbd2b248c8e9c20126cba
results/anisotropic_cfl_representative_profile.csv,134556,9e5ccab2311310adde9381862b5eaddc1cc1f548d9eae3c18856907392cd1289
results/anisotropic_cfl_tov_report.md,1633,c3d33dae900f0979f9151fb126be9531577d0778c9d240839fd7dab59f0a25c7
results/anisotropic_cfl_tov_scan.csv,27460,1683e85a1e37f39a46eaa1235163fbca8a744b08b50e9bb93be50441113c717b
results/causal_tapered_core_report.md,460,faddd6275fca073072a5830703acd56ae56fc307294cfde51f818a13782f552c
results/causal_tapered_core_scan.csv,73047,08a9510529703359bd7f4763cdcf55d9d8b4e08f03cbc4288fb9d9ddbbf54242
results/causal_tapered_core_strict_accepted.csv,60477,364345464c6a17ccc4f4df70acf00b1eabab62ca4fff0e28fbf256f72ab3f4f0
results/causal_tapered_core_summary.csv,225,d50bcc25cdde0475638af36965490b44393da6d0bd067da6a7f1cd3f9692c71e
results/compactness_branch_map.csv,42071,eb54b187ec59fbb314b3b060435aedfbefd8bfcc79069d6eff46b5a9fbd6c94e
results/compactness_branch_map_report.md,398,b1cbefd260a964086938a12277004e3d49f5c9a8cdaef1784073b4f28fa59efa
results/compactness_thresholds.csv,147,5b1c93155dc2fd58f6c3f7c83870978b663615f9b3d9bb63e5a62d2580217cbb
results/curvature_regular_core_report.md,666,dcad36ab71b9eadc8c11f381e2bdaaee8033ea29a10c38afde0df9db097cf9f9
results/curvature_regular_core_safe_subhorizon.csv,6850,d4dad2ce56e44398600e4f8946ca68bd96a92710cb1121a6cf2a0b87f6ada632
results/curvature_regular_core_scan.csv,24564,bbd1d2000ccb597653a7195721777d637208b7cabb25b5518b4e71e242fcb2b3
results/curvature_regular_core_summary.csv,228,2b04a242ccfbfb981440a417527bf7fb75c232cfd53a34ee6d2d5f53456aeb4c
results/echo_timescales.csv,675,ac9df2a0608f3dfb0138ad2729fe2aaec9846cbd6c0bd74edbfb41d83d05f1a8
results/echo_waveform.csv,88568,ed490c6bfed574493b7d0bff14fc471d98a62288f832b253363ad3a1fa112515
results/einstein_cfl_claim_safety_note.md,607,655e00b9a771cbab9fcde673813b744f1678749c49fb23123d5b652b711ce3e6
results/einstein_cfl_latex_snippet.tex,953,2714526111be98dc209ca91abbd2b9c81f816f925edde322f27d0dfd9a788d43
results/einstein_cfl_master_summary.csv,474,579c5196e269bc4b2eabbe5d2ff4437f311ff97a86205497662225616ea7f34a
results/einstein_gp_solution.csv,32121,7edb8e67b4de655f8febfc0cd7f211aa48f623a013cd1db348dbedf691861ae2
results/einstein_qcd_tov_mass_radius.csv,17281,0f4384fb8f1c694ff22cbbef2c9cb59b3359b23527405dccaaa5e3f17453ae5b
results/einstein_qcd_tov_max_mass_summary.csv,622,75813c3ff162209c254b8e0ef240670522652e55b682c3e022f4f87d5b83c273
results/einstein_qcd_tov_report.md,1055,fccac2a2f0a8a45c6a6ae834f0191a59966ae85438b2b2cecf4210e4a58206db
results/einstein_qcd_tov_representative_profile.csv,65184,cc28dcfbb4aa8e1067559ccd7523daf323219e19065677da34dd0824bc0d3e75
results/energy_conditions_report.md,355,2869e9f4d4c970c9ae0d39349cf8d5f06ce5e5e0e95a88bb419b2e351f709e69
results/energy_conditions_scan.csv,14134,868e5c4dc334fefe94192cd66599ec92f63df283766747d9cd4dedd6b04931bc
results/energy_conditions_summary.csv,190,9f4e6c3c204fd49f017c1dd1b9640cb9bd1bf048a530a3dd088a60908c3e1fcc
results/entropy_analysis.csv,594,260c7a3294727cc13abd1644120c1fdce139dbd2f8fd461450a10f540930273e
results/gl_claim_safety_note.md,539,c169a2626f149b466d6bc88bce4219cddf72290fa63bf3bacb8dafee0018224c
results/gl_free_energy_diagnostics.csv,516,0a9a2c89bc01148c3894da0a29d68d6ed5ebf13b59c0771775d921690ace1cff
results/gl_free_energy_report.md,565,8603d1772140df236fbd0fb26fb35cd738140a4f28d5b6b579de0b6ba40610a1
results/gl_latex_snippet.tex,880,d45966848ab7d23686fb10248845418bd434595eb62485096b4e5f19fcc96645
results/gl_order_parameter_profile.csv,70539,2413e260dd94fb367e2b123c91ae9e0086d9c233f2c7d928c1a9fd709fa1f2c2
results/gl_order_parameter_report.md,512,da120ee068dc978c4f2335a2db02fadf2d0a06e5b5680b2aab183f9ba9c2257c
results/gl_order_parameter_summary.csv,503,565e1132a09e3efe4fa41b45690777b57a814016a174cef259e98f48e5a832c0
results/junction_matching_report.md,646,a13fbacba5c3662a04e748e96bcf5f9858a9311c7d584dfa30d8781da987fa67
results/junction_matching_scan.csv,1046,6d91b42fca5f2b55e23d2f8c039c52084083d284db60c1597c3e5b006abbb6b3
results/kerr_analysis.csv,520,19efb2b230ee9c8bf44806a647931f448a39b32838d5486382fe343288876551
results/qcd_phase_transition.csv,833,b26ed063e297d84d9a505abef52e12a9cf736f46c4fe478cd8f52f374238eb63
results/qnm_data.csv,410,436b611cdf3934a87183ac4c00efbb6b9c6ead8ae9f95ff40cc73894fa8db35c
results/sc_results.csv,2984,541e6e93b723183f19e5e7ea861555967c3a15c63062db185b6ffab4ec3c6076
results/smooth_transition_matching_comparison.csv,4460,f6190d8b310ec8eb799fbd6349e1e8dea4ffdb85501a69f658b9b6b0caba0041
results/smooth_transition_matching_report.md,517,e6d0b13bb3a45cb424f68ba6a6fb127102e1bafc070e7310040a763d126839b6
results/stability_spectrum.csv,1471,2db1271db4ecbb9f8a472d4032ec4ef7ed7a3182cbada8ae3b25c15df8641153
results/table_energy_conditions.tex,6687,0686125e03368a6067d92400befdfcd694627540398e2090a0dd5257caaebf5c
results/table_main.tex,2113,5b47702e7c49bae1f60a3f14d34eb0fa9b7a97c7c526029031c3644718f616d1
results/timescales.csv,791,119c91882081e9272d4339de9e5805496aef5c3246b57a33aa150ae5330eb18c
tests/test_repository_static.py,545,070dc9ad9f3376625595dfc5b3fd9b12a39755bd8bcc4ad5d1bfa675624e5041
